[{"name":"auth","qualifiedName":"auth","href":"auth/auth-library.html","type":"library","overriddenDepth":0,"packageName":"notify_me_proj_cs251"},{"name":"Auth","qualifiedName":"auth.Auth","href":"auth/Auth-class.html","type":"class","overriddenDepth":0,"packageName":"notify_me_proj_cs251","enclosedBy":{"name":"auth","type":"library"}},{"name":"Auth","qualifiedName":"auth.Auth.Auth","href":"auth/Auth/Auth.html","type":"constructor","overriddenDepth":0,"packageName":"notify_me_proj_cs251","enclosedBy":{"name":"Auth","type":"class"}},{"name":"createUserWithEmailAndPassword","qualifiedName":"auth.Auth.createUserWithEmailAndPassword","href":"auth/Auth/createUserWithEmailAndPassword.html","type":"method","overriddenDepth":1,"packageName":"notify_me_proj_cs251","enclosedBy":{"name":"Auth","type":"class"}},{"name":"currentUser","qualifiedName":"auth.Auth.currentUser","href":"auth/Auth/currentUser.html","type":"method","overriddenDepth":1,"packageName":"notify_me_proj_cs251","enclosedBy":{"name":"Auth","type":"class"}},{"name":"signInWithEmailAndPassword","qualifiedName":"auth.Auth.signInWithEmailAndPassword","href":"auth/Auth/signInWithEmailAndPassword.html","type":"method","overriddenDepth":1,"packageName":"notify_me_proj_cs251","enclosedBy":{"name":"Auth","type":"class"}},{"name":"signOut","qualifiedName":"auth.Auth.signOut","href":"auth/Auth/signOut.html","type":"method","overriddenDepth":1,"packageName":"notify_me_proj_cs251","enclosedBy":{"name":"Auth","type":"class"}},{"name":"BaseAuth","qualifiedName":"auth.BaseAuth","href":"auth/BaseAuth-class.html","type":"class","overriddenDepth":0,"packageName":"notify_me_proj_cs251","enclosedBy":{"name":"auth","type":"library"}},{"name":"BaseAuth","qualifiedName":"auth.BaseAuth.BaseAuth","href":"auth/BaseAuth/BaseAuth.html","type":"constructor","overriddenDepth":0,"packageName":"notify_me_proj_cs251","enclosedBy":{"name":"BaseAuth","type":"class"}},{"name":"createUserWithEmailAndPassword","qualifiedName":"auth.BaseAuth.createUserWithEmailAndPassword","href":"auth/BaseAuth/createUserWithEmailAndPassword.html","type":"method","overriddenDepth":0,"packageName":"notify_me_proj_cs251","enclosedBy":{"name":"BaseAuth","type":"class"}},{"name":"currentUser","qualifiedName":"auth.BaseAuth.currentUser","href":"auth/BaseAuth/currentUser.html","type":"method","overriddenDepth":0,"packageName":"notify_me_proj_cs251","enclosedBy":{"name":"BaseAuth","type":"class"}},{"name":"signInWithEmailAndPassword","qualifiedName":"auth.BaseAuth.signInWithEmailAndPassword","href":"auth/BaseAuth/signInWithEmailAndPassword.html","type":"method","overriddenDepth":0,"packageName":"notify_me_proj_cs251","enclosedBy":{"name":"BaseAuth","type":"class"}},{"name":"signOut","qualifiedName":"auth.BaseAuth.signOut","href":"auth/BaseAuth/signOut.html","type":"method","overriddenDepth":0,"packageName":"notify_me_proj_cs251","enclosedBy":{"name":"BaseAuth","type":"class"}},{"name":"auth_provider","qualifiedName":"auth_provider","href":"auth_provider/auth_provider-library.html","type":"library","overriddenDepth":0,"packageName":"notify_me_proj_cs251"},{"name":"AuthProvider","qualifiedName":"auth_provider.AuthProvider","href":"auth_provider/AuthProvider-class.html","type":"class","overriddenDepth":0,"packageName":"notify_me_proj_cs251","enclosedBy":{"name":"auth_provider","type":"library"}},{"name":"operator ==","qualifiedName":"auth_provider.AuthProvider.==","href":"auth_provider/AuthProvider/operator_equals.html","type":"method","overriddenDepth":1,"packageName":"notify_me_proj_cs251","enclosedBy":{"name":"AuthProvider","type":"class"}},{"name":"AuthProvider","qualifiedName":"auth_provider.AuthProvider.AuthProvider","href":"auth_provider/AuthProvider/AuthProvider.html","type":"constructor","overriddenDepth":0,"packageName":"notify_me_proj_cs251","enclosedBy":{"name":"AuthProvider","type":"class"}},{"name":"auth","qualifiedName":"auth_provider.AuthProvider.auth","href":"auth_provider/AuthProvider/auth.html","type":"property","overriddenDepth":0,"packageName":"notify_me_proj_cs251","enclosedBy":{"name":"AuthProvider","type":"class"}},{"name":"child","qualifiedName":"auth_provider.AuthProvider.child","href":"auth_provider/AuthProvider/child.html","type":"property","overriddenDepth":0,"packageName":"notify_me_proj_cs251","enclosedBy":{"name":"AuthProvider","type":"class"}},{"name":"createElement","qualifiedName":"auth_provider.AuthProvider.createElement","href":"auth_provider/AuthProvider/createElement.html","type":"method","overriddenDepth":1,"packageName":"notify_me_proj_cs251","enclosedBy":{"name":"AuthProvider","type":"class"}},{"name":"debugDescribeChildren","qualifiedName":"auth_provider.AuthProvider.debugDescribeChildren","href":"auth_provider/AuthProvider/debugDescribeChildren.html","type":"method","overriddenDepth":0,"packageName":"notify_me_proj_cs251","enclosedBy":{"name":"AuthProvider","type":"class"}},{"name":"debugFillProperties","qualifiedName":"auth_provider.AuthProvider.debugFillProperties","href":"auth_provider/AuthProvider/debugFillProperties.html","type":"method","overriddenDepth":1,"packageName":"notify_me_proj_cs251","enclosedBy":{"name":"AuthProvider","type":"class"}},{"name":"hashCode","qualifiedName":"auth_provider.AuthProvider.hashCode","href":"auth_provider/AuthProvider/hashCode.html","type":"property","overriddenDepth":0,"packageName":"notify_me_proj_cs251","enclosedBy":{"name":"AuthProvider","type":"class"}},{"name":"key","qualifiedName":"auth_provider.AuthProvider.key","href":"auth_provider/AuthProvider/key.html","type":"property","overriddenDepth":0,"packageName":"notify_me_proj_cs251","enclosedBy":{"name":"AuthProvider","type":"class"}},{"name":"of","qualifiedName":"auth_provider.AuthProvider.of","href":"auth_provider/AuthProvider/of.html","type":"method","overriddenDepth":0,"packageName":"notify_me_proj_cs251","enclosedBy":{"name":"AuthProvider","type":"class"}},{"name":"toDiagnosticsNode","qualifiedName":"auth_provider.AuthProvider.toDiagnosticsNode","href":"auth_provider/AuthProvider/toDiagnosticsNode.html","type":"method","overriddenDepth":1,"packageName":"notify_me_proj_cs251","enclosedBy":{"name":"AuthProvider","type":"class"}},{"name":"toString","qualifiedName":"auth_provider.AuthProvider.toString","href":"auth_provider/AuthProvider/toString.html","type":"method","overriddenDepth":1,"packageName":"notify_me_proj_cs251","enclosedBy":{"name":"AuthProvider","type":"class"}},{"name":"toStringDeep","qualifiedName":"auth_provider.AuthProvider.toStringDeep","href":"auth_provider/AuthProvider/toStringDeep.html","type":"method","overriddenDepth":0,"packageName":"notify_me_proj_cs251","enclosedBy":{"name":"AuthProvider","type":"class"}},{"name":"toStringShallow","qualifiedName":"auth_provider.AuthProvider.toStringShallow","href":"auth_provider/AuthProvider/toStringShallow.html","type":"method","overriddenDepth":0,"packageName":"notify_me_proj_cs251","enclosedBy":{"name":"AuthProvider","type":"class"}},{"name":"toStringShort","qualifiedName":"auth_provider.AuthProvider.toStringShort","href":"auth_provider/AuthProvider/toStringShort.html","type":"method","overriddenDepth":2,"packageName":"notify_me_proj_cs251","enclosedBy":{"name":"AuthProvider","type":"class"}},{"name":"updateShouldNotify","qualifiedName":"auth_provider.AuthProvider.updateShouldNotify","href":"auth_provider/AuthProvider/updateShouldNotify.html","type":"method","overriddenDepth":1,"packageName":"notify_me_proj_cs251","enclosedBy":{"name":"AuthProvider","type":"class"}},{"name":"home_page","qualifiedName":"home_page","href":"home_page/home_page-library.html","type":"library","overriddenDepth":0,"packageName":"notify_me_proj_cs251"},{"name":"HomePage","qualifiedName":"home_page.HomePage","href":"home_page/HomePage-class.html","type":"class","overriddenDepth":0,"packageName":"notify_me_proj_cs251","enclosedBy":{"name":"home_page","type":"library"}},{"name":"operator ==","qualifiedName":"home_page.HomePage.==","href":"home_page/HomePage/operator_equals.html","type":"method","overriddenDepth":1,"packageName":"notify_me_proj_cs251","enclosedBy":{"name":"HomePage","type":"class"}},{"name":"HomePage","qualifiedName":"home_page.HomePage.HomePage","href":"home_page/HomePage/HomePage.html","type":"constructor","overriddenDepth":0,"packageName":"notify_me_proj_cs251","enclosedBy":{"name":"HomePage","type":"class"}},{"name":"createElement","qualifiedName":"home_page.HomePage.createElement","href":"home_page/HomePage/createElement.html","type":"method","overriddenDepth":1,"packageName":"notify_me_proj_cs251","enclosedBy":{"name":"HomePage","type":"class"}},{"name":"createState","qualifiedName":"home_page.HomePage.createState","href":"home_page/HomePage/createState.html","type":"method","overriddenDepth":1,"packageName":"notify_me_proj_cs251","enclosedBy":{"name":"HomePage","type":"class"}},{"name":"debugDescribeChildren","qualifiedName":"home_page.HomePage.debugDescribeChildren","href":"home_page/HomePage/debugDescribeChildren.html","type":"method","overriddenDepth":0,"packageName":"notify_me_proj_cs251","enclosedBy":{"name":"HomePage","type":"class"}},{"name":"debugFillProperties","qualifiedName":"home_page.HomePage.debugFillProperties","href":"home_page/HomePage/debugFillProperties.html","type":"method","overriddenDepth":1,"packageName":"notify_me_proj_cs251","enclosedBy":{"name":"HomePage","type":"class"}},{"name":"hashCode","qualifiedName":"home_page.HomePage.hashCode","href":"home_page/HomePage/hashCode.html","type":"property","overriddenDepth":0,"packageName":"notify_me_proj_cs251","enclosedBy":{"name":"HomePage","type":"class"}},{"name":"key","qualifiedName":"home_page.HomePage.key","href":"home_page/HomePage/key.html","type":"property","overriddenDepth":0,"packageName":"notify_me_proj_cs251","enclosedBy":{"name":"HomePage","type":"class"}},{"name":"onSignedOut","qualifiedName":"home_page.HomePage.onSignedOut","href":"home_page/HomePage/onSignedOut.html","type":"property","overriddenDepth":0,"packageName":"notify_me_proj_cs251","enclosedBy":{"name":"HomePage","type":"class"}},{"name":"toDiagnosticsNode","qualifiedName":"home_page.HomePage.toDiagnosticsNode","href":"home_page/HomePage/toDiagnosticsNode.html","type":"method","overriddenDepth":1,"packageName":"notify_me_proj_cs251","enclosedBy":{"name":"HomePage","type":"class"}},{"name":"toString","qualifiedName":"home_page.HomePage.toString","href":"home_page/HomePage/toString.html","type":"method","overriddenDepth":1,"packageName":"notify_me_proj_cs251","enclosedBy":{"name":"HomePage","type":"class"}},{"name":"toStringDeep","qualifiedName":"home_page.HomePage.toStringDeep","href":"home_page/HomePage/toStringDeep.html","type":"method","overriddenDepth":0,"packageName":"notify_me_proj_cs251","enclosedBy":{"name":"HomePage","type":"class"}},{"name":"toStringShallow","qualifiedName":"home_page.HomePage.toStringShallow","href":"home_page/HomePage/toStringShallow.html","type":"method","overriddenDepth":0,"packageName":"notify_me_proj_cs251","enclosedBy":{"name":"HomePage","type":"class"}},{"name":"toStringShort","qualifiedName":"home_page.HomePage.toStringShort","href":"home_page/HomePage/toStringShort.html","type":"method","overriddenDepth":2,"packageName":"notify_me_proj_cs251","enclosedBy":{"name":"HomePage","type":"class"}},{"name":"login_page","qualifiedName":"login_page","href":"login_page/login_page-library.html","type":"library","overriddenDepth":0,"packageName":"notify_me_proj_cs251"},{"name":"EmailFieldValidator","qualifiedName":"login_page.EmailFieldValidator","href":"login_page/EmailFieldValidator-class.html","type":"class","overriddenDepth":0,"packageName":"notify_me_proj_cs251","enclosedBy":{"name":"login_page","type":"library"}},{"name":"EmailFieldValidator","qualifiedName":"login_page.EmailFieldValidator.EmailFieldValidator","href":"login_page/EmailFieldValidator/EmailFieldValidator.html","type":"constructor","overriddenDepth":0,"packageName":"notify_me_proj_cs251","enclosedBy":{"name":"EmailFieldValidator","type":"class"}},{"name":"validate","qualifiedName":"login_page.EmailFieldValidator.validate","href":"login_page/EmailFieldValidator/validate.html","type":"method","overriddenDepth":0,"packageName":"notify_me_proj_cs251","enclosedBy":{"name":"EmailFieldValidator","type":"class"}},{"name":"FormType","qualifiedName":"login_page.FormType","href":"login_page/FormType-class.html","type":"enum","overriddenDepth":0,"packageName":"notify_me_proj_cs251","enclosedBy":{"name":"login_page","type":"library"}},{"name":"toString","qualifiedName":"login_page.FormType.toString","href":"login_page/FormType/toString.html","type":"method","overriddenDepth":1,"packageName":"notify_me_proj_cs251","enclosedBy":{"name":"FormType","type":"enum"}},{"name":"LoginPage","qualifiedName":"login_page.LoginPage","href":"login_page/LoginPage-class.html","type":"class","overriddenDepth":0,"packageName":"notify_me_proj_cs251","enclosedBy":{"name":"login_page","type":"library"}},{"name":"operator ==","qualifiedName":"login_page.LoginPage.==","href":"login_page/LoginPage/operator_equals.html","type":"method","overriddenDepth":1,"packageName":"notify_me_proj_cs251","enclosedBy":{"name":"LoginPage","type":"class"}},{"name":"LoginPage","qualifiedName":"login_page.LoginPage.LoginPage","href":"login_page/LoginPage/LoginPage.html","type":"constructor","overriddenDepth":0,"packageName":"notify_me_proj_cs251","enclosedBy":{"name":"LoginPage","type":"class"}},{"name":"createElement","qualifiedName":"login_page.LoginPage.createElement","href":"login_page/LoginPage/createElement.html","type":"method","overriddenDepth":1,"packageName":"notify_me_proj_cs251","enclosedBy":{"name":"LoginPage","type":"class"}},{"name":"createState","qualifiedName":"login_page.LoginPage.createState","href":"login_page/LoginPage/createState.html","type":"method","overriddenDepth":1,"packageName":"notify_me_proj_cs251","enclosedBy":{"name":"LoginPage","type":"class"}},{"name":"debugDescribeChildren","qualifiedName":"login_page.LoginPage.debugDescribeChildren","href":"login_page/LoginPage/debugDescribeChildren.html","type":"method","overriddenDepth":0,"packageName":"notify_me_proj_cs251","enclosedBy":{"name":"LoginPage","type":"class"}},{"name":"debugFillProperties","qualifiedName":"login_page.LoginPage.debugFillProperties","href":"login_page/LoginPage/debugFillProperties.html","type":"method","overriddenDepth":1,"packageName":"notify_me_proj_cs251","enclosedBy":{"name":"LoginPage","type":"class"}},{"name":"hashCode","qualifiedName":"login_page.LoginPage.hashCode","href":"login_page/LoginPage/hashCode.html","type":"property","overriddenDepth":0,"packageName":"notify_me_proj_cs251","enclosedBy":{"name":"LoginPage","type":"class"}},{"name":"key","qualifiedName":"login_page.LoginPage.key","href":"login_page/LoginPage/key.html","type":"property","overriddenDepth":0,"packageName":"notify_me_proj_cs251","enclosedBy":{"name":"LoginPage","type":"class"}},{"name":"onSignedIn","qualifiedName":"login_page.LoginPage.onSignedIn","href":"login_page/LoginPage/onSignedIn.html","type":"property","overriddenDepth":0,"packageName":"notify_me_proj_cs251","enclosedBy":{"name":"LoginPage","type":"class"}},{"name":"toDiagnosticsNode","qualifiedName":"login_page.LoginPage.toDiagnosticsNode","href":"login_page/LoginPage/toDiagnosticsNode.html","type":"method","overriddenDepth":1,"packageName":"notify_me_proj_cs251","enclosedBy":{"name":"LoginPage","type":"class"}},{"name":"toString","qualifiedName":"login_page.LoginPage.toString","href":"login_page/LoginPage/toString.html","type":"method","overriddenDepth":1,"packageName":"notify_me_proj_cs251","enclosedBy":{"name":"LoginPage","type":"class"}},{"name":"toStringDeep","qualifiedName":"login_page.LoginPage.toStringDeep","href":"login_page/LoginPage/toStringDeep.html","type":"method","overriddenDepth":0,"packageName":"notify_me_proj_cs251","enclosedBy":{"name":"LoginPage","type":"class"}},{"name":"toStringShallow","qualifiedName":"login_page.LoginPage.toStringShallow","href":"login_page/LoginPage/toStringShallow.html","type":"method","overriddenDepth":0,"packageName":"notify_me_proj_cs251","enclosedBy":{"name":"LoginPage","type":"class"}},{"name":"toStringShort","qualifiedName":"login_page.LoginPage.toStringShort","href":"login_page/LoginPage/toStringShort.html","type":"method","overriddenDepth":2,"packageName":"notify_me_proj_cs251","enclosedBy":{"name":"LoginPage","type":"class"}},{"name":"PasswordFieldValidator","qualifiedName":"login_page.PasswordFieldValidator","href":"login_page/PasswordFieldValidator-class.html","type":"class","overriddenDepth":0,"packageName":"notify_me_proj_cs251","enclosedBy":{"name":"login_page","type":"library"}},{"name":"PasswordFieldValidator","qualifiedName":"login_page.PasswordFieldValidator.PasswordFieldValidator","href":"login_page/PasswordFieldValidator/PasswordFieldValidator.html","type":"constructor","overriddenDepth":0,"packageName":"notify_me_proj_cs251","enclosedBy":{"name":"PasswordFieldValidator","type":"class"}},{"name":"validate","qualifiedName":"login_page.PasswordFieldValidator.validate","href":"login_page/PasswordFieldValidator/validate.html","type":"method","overriddenDepth":0,"packageName":"notify_me_proj_cs251","enclosedBy":{"name":"PasswordFieldValidator","type":"class"}},{"name":"main","qualifiedName":"main","href":"main/main-library.html","type":"library","overriddenDepth":0,"packageName":"notify_me_proj_cs251"},{"name":"MyApp","qualifiedName":"main.MyApp","href":"main/MyApp-class.html","type":"class","overriddenDepth":0,"packageName":"notify_me_proj_cs251","enclosedBy":{"name":"main","type":"library"}},{"name":"operator ==","qualifiedName":"main.MyApp.==","href":"main/MyApp/operator_equals.html","type":"method","overriddenDepth":1,"packageName":"notify_me_proj_cs251","enclosedBy":{"name":"MyApp","type":"class"}},{"name":"MyApp","qualifiedName":"main.MyApp.MyApp","href":"main/MyApp/MyApp.html","type":"constructor","overriddenDepth":0,"packageName":"notify_me_proj_cs251","enclosedBy":{"name":"MyApp","type":"class"}},{"name":"build","qualifiedName":"main.MyApp.build","href":"main/MyApp/build.html","type":"method","overriddenDepth":1,"packageName":"notify_me_proj_cs251","enclosedBy":{"name":"MyApp","type":"class"}},{"name":"createElement","qualifiedName":"main.MyApp.createElement","href":"main/MyApp/createElement.html","type":"method","overriddenDepth":1,"packageName":"notify_me_proj_cs251","enclosedBy":{"name":"MyApp","type":"class"}},{"name":"debugDescribeChildren","qualifiedName":"main.MyApp.debugDescribeChildren","href":"main/MyApp/debugDescribeChildren.html","type":"method","overriddenDepth":0,"packageName":"notify_me_proj_cs251","enclosedBy":{"name":"MyApp","type":"class"}},{"name":"debugFillProperties","qualifiedName":"main.MyApp.debugFillProperties","href":"main/MyApp/debugFillProperties.html","type":"method","overriddenDepth":1,"packageName":"notify_me_proj_cs251","enclosedBy":{"name":"MyApp","type":"class"}},{"name":"hashCode","qualifiedName":"main.MyApp.hashCode","href":"main/MyApp/hashCode.html","type":"property","overriddenDepth":0,"packageName":"notify_me_proj_cs251","enclosedBy":{"name":"MyApp","type":"class"}},{"name":"key","qualifiedName":"main.MyApp.key","href":"main/MyApp/key.html","type":"property","overriddenDepth":0,"packageName":"notify_me_proj_cs251","enclosedBy":{"name":"MyApp","type":"class"}},{"name":"toDiagnosticsNode","qualifiedName":"main.MyApp.toDiagnosticsNode","href":"main/MyApp/toDiagnosticsNode.html","type":"method","overriddenDepth":1,"packageName":"notify_me_proj_cs251","enclosedBy":{"name":"MyApp","type":"class"}},{"name":"toString","qualifiedName":"main.MyApp.toString","href":"main/MyApp/toString.html","type":"method","overriddenDepth":1,"packageName":"notify_me_proj_cs251","enclosedBy":{"name":"MyApp","type":"class"}},{"name":"toStringDeep","qualifiedName":"main.MyApp.toStringDeep","href":"main/MyApp/toStringDeep.html","type":"method","overriddenDepth":0,"packageName":"notify_me_proj_cs251","enclosedBy":{"name":"MyApp","type":"class"}},{"name":"toStringShallow","qualifiedName":"main.MyApp.toStringShallow","href":"main/MyApp/toStringShallow.html","type":"method","overriddenDepth":0,"packageName":"notify_me_proj_cs251","enclosedBy":{"name":"MyApp","type":"class"}},{"name":"toStringShort","qualifiedName":"main.MyApp.toStringShort","href":"main/MyApp/toStringShort.html","type":"method","overriddenDepth":2,"packageName":"notify_me_proj_cs251","enclosedBy":{"name":"MyApp","type":"class"}},{"name":"main","qualifiedName":"main.main","href":"main/main.html","type":"function","overriddenDepth":0,"packageName":"notify_me_proj_cs251","enclosedBy":{"name":"main","type":"library"}},{"name":"push_notifications","qualifiedName":"push_notifications","href":"push_notifications/push_notifications-library.html","type":"library","overriddenDepth":0,"packageName":"notify_me_proj_cs251"},{"name":"PushNotificationsManager","qualifiedName":"push_notifications.PushNotificationsManager","href":"push_notifications/PushNotificationsManager-class.html","type":"class","overriddenDepth":0,"packageName":"notify_me_proj_cs251","enclosedBy":{"name":"push_notifications","type":"library"}},{"name":"PushNotificationsManager","qualifiedName":"push_notifications.PushNotificationsManager.PushNotificationsManager","href":"push_notifications/PushNotificationsManager/PushNotificationsManager.html","type":"constructor","overriddenDepth":0,"packageName":"notify_me_proj_cs251","enclosedBy":{"name":"PushNotificationsManager","type":"class"}},{"name":"init","qualifiedName":"push_notifications.PushNotificationsManager.init","href":"push_notifications/PushNotificationsManager/init.html","type":"method","overriddenDepth":0,"packageName":"notify_me_proj_cs251","enclosedBy":{"name":"PushNotificationsManager","type":"class"}},{"name":"root_page","qualifiedName":"root_page","href":"root_page/root_page-library.html","type":"library","overriddenDepth":0,"packageName":"notify_me_proj_cs251"},{"name":"AuthStatus","qualifiedName":"root_page.AuthStatus","href":"root_page/AuthStatus-class.html","type":"enum","overriddenDepth":0,"packageName":"notify_me_proj_cs251","enclosedBy":{"name":"root_page","type":"library"}},{"name":"toString","qualifiedName":"root_page.AuthStatus.toString","href":"root_page/AuthStatus/toString.html","type":"method","overriddenDepth":1,"packageName":"notify_me_proj_cs251","enclosedBy":{"name":"AuthStatus","type":"enum"}},{"name":"RootPage","qualifiedName":"root_page.RootPage","href":"root_page/RootPage-class.html","type":"class","overriddenDepth":0,"packageName":"notify_me_proj_cs251","enclosedBy":{"name":"root_page","type":"library"}},{"name":"operator ==","qualifiedName":"root_page.RootPage.==","href":"root_page/RootPage/operator_equals.html","type":"method","overriddenDepth":1,"packageName":"notify_me_proj_cs251","enclosedBy":{"name":"RootPage","type":"class"}},{"name":"RootPage","qualifiedName":"root_page.RootPage.RootPage","href":"root_page/RootPage/RootPage.html","type":"constructor","overriddenDepth":0,"packageName":"notify_me_proj_cs251","enclosedBy":{"name":"RootPage","type":"class"}},{"name":"createElement","qualifiedName":"root_page.RootPage.createElement","href":"root_page/RootPage/createElement.html","type":"method","overriddenDepth":1,"packageName":"notify_me_proj_cs251","enclosedBy":{"name":"RootPage","type":"class"}},{"name":"createState","qualifiedName":"root_page.RootPage.createState","href":"root_page/RootPage/createState.html","type":"method","overriddenDepth":1,"packageName":"notify_me_proj_cs251","enclosedBy":{"name":"RootPage","type":"class"}},{"name":"debugDescribeChildren","qualifiedName":"root_page.RootPage.debugDescribeChildren","href":"root_page/RootPage/debugDescribeChildren.html","type":"method","overriddenDepth":0,"packageName":"notify_me_proj_cs251","enclosedBy":{"name":"RootPage","type":"class"}},{"name":"debugFillProperties","qualifiedName":"root_page.RootPage.debugFillProperties","href":"root_page/RootPage/debugFillProperties.html","type":"method","overriddenDepth":1,"packageName":"notify_me_proj_cs251","enclosedBy":{"name":"RootPage","type":"class"}},{"name":"hashCode","qualifiedName":"root_page.RootPage.hashCode","href":"root_page/RootPage/hashCode.html","type":"property","overriddenDepth":0,"packageName":"notify_me_proj_cs251","enclosedBy":{"name":"RootPage","type":"class"}},{"name":"key","qualifiedName":"root_page.RootPage.key","href":"root_page/RootPage/key.html","type":"property","overriddenDepth":0,"packageName":"notify_me_proj_cs251","enclosedBy":{"name":"RootPage","type":"class"}},{"name":"toDiagnosticsNode","qualifiedName":"root_page.RootPage.toDiagnosticsNode","href":"root_page/RootPage/toDiagnosticsNode.html","type":"method","overriddenDepth":1,"packageName":"notify_me_proj_cs251","enclosedBy":{"name":"RootPage","type":"class"}},{"name":"toString","qualifiedName":"root_page.RootPage.toString","href":"root_page/RootPage/toString.html","type":"method","overriddenDepth":1,"packageName":"notify_me_proj_cs251","enclosedBy":{"name":"RootPage","type":"class"}},{"name":"toStringDeep","qualifiedName":"root_page.RootPage.toStringDeep","href":"root_page/RootPage/toStringDeep.html","type":"method","overriddenDepth":0,"packageName":"notify_me_proj_cs251","enclosedBy":{"name":"RootPage","type":"class"}},{"name":"toStringShallow","qualifiedName":"root_page.RootPage.toStringShallow","href":"root_page/RootPage/toStringShallow.html","type":"method","overriddenDepth":0,"packageName":"notify_me_proj_cs251","enclosedBy":{"name":"RootPage","type":"class"}},{"name":"toStringShort","qualifiedName":"root_page.RootPage.toStringShort","href":"root_page/RootPage/toStringShort.html","type":"method","overriddenDepth":2,"packageName":"notify_me_proj_cs251","enclosedBy":{"name":"RootPage","type":"class"}}]
